{"v":"5.7.0","fr":29.9700012207031,"ip":0,"op":301.000012259981,"w":300,"h":300,"nm":"ada01","ddd":0,"assets":[],"